source,target
BandaAceh(BTJ),Jakarta(CGK)
BandaAceh(BTJ),Jakarta(CGK)
BandaAceh(BTJ),Jakarta(CGK)
BandaAceh(BTJ),Medan(KNO)
BandaAceh(BTJ),Medan(KNO)
BandaAceh(BTJ),Medan(KNO)
BandaAceh(BTJ),Medan(KNO)
BandaAceh(BTJ),Medan(KNO)
TSelatan(AEG),Medan(KNO)
Alor(ARD),Kupang(KOE)
Alor(ARD),Kupang(KOE)
Alor(ARD),Kupang(KOE)
Ambon(AMQ),Jakarta(CGK)
Ambon(AMQ),Jakarta(HLP)
Ambon(AMQ),Jakarta(CGK)
Ambon(AMQ),Langgur(LUV)
Ambon(AMQ),Langgur(LUV)
Ambon(AMQ),Makassar(UPG)
Ambon(AMQ),Makassar(UPG)
Ambon(AMQ),Makassar(UPG)
Ambon(AMQ),Makassar(UPG)
Ambon(AMQ),Makassar(UPG)
Ambon(AMQ),Manado(MDC)
Ambon(AMQ),Namlea(NAM)
Ambon(AMQ),PulauAru(DOB)
Ambon(AMQ),Saumlaki(SXK)
Ambon(AMQ),Sorong(SOQ)
Ambon(AMQ),Surabaya(SUB)
Atambua(ABU),Kupang(KOE)
Atambua(ABU),Kupang(KOE)
Atambua(ABU),Kupang(KOE)
Bali(DPS),Balikpapan(BPN)
Bali(DPS),Bandung(BDO)
Bali(DPS),Bandung(BDO)
Bali(DPS),Bandung(BDO)
Bali(DPS),Bandung(BDO)
Bali(DPS),Bandung(BDO)
Bali(DPS),Bandung(BDO)
Bali(DPS),Bima(BMU)
Bali(DPS),Bima(BMU)
Bali(DPS),Jakarta(CGK)
Bali(DPS),Jakarta(CGK)
Bali(DPS),Jakarta(CGK)
Bali(DPS),Jakarta(CGK)
Bali(DPS),Jakarta(CGK)
Bali(DPS),Jakarta(CGK)
Bali(DPS),Jakarta(CGK)
Bali(DPS),Jakarta(CGK)
Bali(DPS),Jakarta(CGK)
Bali(DPS),Jakarta(CGK)
Bali(DPS),Jakarta(CGK)
Bali(DPS),Jakarta(CGK)
Bali(DPS),Jakarta(CGK)
Bali(DPS),Jakarta(CGK)
Bali(DPS),Jakarta(CGK)
Bali(DPS),Jakarta(CGK)
Bali(DPS),Jakarta(CGK)
Bali(DPS),Jakarta(CGK)
Bali(DPS),Jakarta(CGK)
Bali(DPS),Jakarta(CGK)
Bali(DPS),Jakarta(CGK)
Bali(DPS),Jakarta(CGK)
Bali(DPS),Jakarta(CGK)
Bali(DPS),Jakarta(CGK)
Bali(DPS),Jakarta(CGK)
Bali(DPS),Jakarta(CGK)
Bali(DPS),Jakarta(CGK)
Bali(DPS),Jakarta(CGK)
Bali(DPS),Jakarta(CGK)
Bali(DPS),Jakarta(CGK)
Bali(DPS),Jakarta(CGK)
Bali(DPS),Jakarta(CGK)
Bali(DPS),Jakarta(CGK)
Bali(DPS),Jakarta(CGK)
Bali(DPS),Jakarta(CGK)
Bali(DPS),Jakarta(CGK)
Bali(DPS),Jakarta(CGK)
Bali(DPS),Jakarta(CGK)
Bali(DPS),Jakarta(CGK)
Bali(DPS),Jakarta(HLP)
Bali(DPS),Jakarta(HLP)
Bali(DPS),Jakarta(HLP)
Bali(DPS),Jakarta(CGK)
Bali(DPS),Jakarta(CGK)
Bali(DPS),Jakarta(CGK)
Bali(DPS),Jakarta(CGK)
Bali(DPS),Jakarta(CGK)
Bali(DPS),Jakarta(CGK)
Bali(DPS),Jakarta(CGK)
Bali(DPS),Jakarta(CGK)
Bali(DPS),Jakarta(CGK)
Bali(DPS),Jakarta(CGK)
Bali(DPS),Jakarta(CGK)
Bali(DPS),Jakarta(CGK)
Bali(DPS),Jakarta(CGK)
Bali(DPS),Kupang(KOE)
Bali(DPS),Kupang(KOE)
Bali(DPS),LBajo(LBJ)
Bali(DPS),LBajo(LBJ)
Bali(DPS),LBajo(LBJ)
Bali(DPS),LBajo(LBJ)
Bali(DPS),LBajo(LBJ)
Bali(DPS),Lombok(LOP)
Bali(DPS),Lombok(LOP)
Bali(DPS),Lombok(LOP)
Bali(DPS),Lombok(LOP)
Bali(DPS),Lombok(LOP)
Bali(DPS),Lombok(LOP)
Bali(DPS),Lombok(LOP)
Bali(DPS),Makassar(UPG)
Bali(DPS),Makassar(UPG)
Bali(DPS),Makassar(UPG)
Bali(DPS),Makassar(UPG)
Bali(DPS),Makassar(UPG)
Bali(DPS),Malang(MLG)
Bali(DPS),Manado(MDC)
Bali(DPS),Maumere(MOF)
Bali(DPS),Maumere(MOF)
Bali(DPS),Palembang(PLM)
Bali(DPS),Semarang(SRG)
Bali(DPS),Semarang(SRG)
Bali(DPS),Semarang(SRG)
Bali(DPS),Solo(SOC)
Bali(DPS),Solo(SOC)
Bali(DPS),Solo(SOC)
Bali(DPS),Surabaya(SUB)
Bali(DPS),Surabaya(SUB)
Bali(DPS),Surabaya(SUB)
Bali(DPS),Surabaya(SUB)
Bali(DPS),Surabaya(SUB)
Bali(DPS),Surabaya(SUB)
Bali(DPS),Surabaya(SUB)
Bali(DPS),Surabaya(SUB)
Bali(DPS),Surabaya(SUB)
Bali(DPS),Surabaya(SUB)
Bali(DPS),Surabaya(SUB)
Bali(DPS),Surabaya(SUB)
Bali(DPS),Timika(TIM)
Bali(DPS),Waikabubak(TMC)
Bali(DPS),Waikabubak(TMC)
Bali(DPS),Waikabubak(TMC)
Bali(DPS),Waingapu(WGP)
Bali(DPS),Yogyakarta(JOG)
Bali(DPS),Yogyakarta(JOG)
Bali(DPS),Yogyakarta(JOG)
Bali(DPS),Yogyakarta(JOG)
Bali(DPS),Yogyakarta(JOG)
Bali(DPS),Yogyakarta(JOG)
Balikpapan(BPN),Bali(DPS)
Balikpapan(BPN),Bandung(BDO)
Balikpapan(BPN),Banjarmasin(BDJ)
Balikpapan(BPN),Banjarmasin(BDJ)
Balikpapan(BPN),Banjarmasin(BDJ)
Balikpapan(BPN),Banjarmasin(BDJ)
Balikpapan(BPN),Banjarmasin(BDJ)
Balikpapan(BPN),Berau(BEJ)
Balikpapan(BPN),Berau(BEJ)
Balikpapan(BPN),Berau(BEJ)
Balikpapan(BPN),Berau(BEJ)
Balikpapan(BPN),Berau(BEJ)
Balikpapan(BPN),Berau(BEJ)
Balikpapan(BPN),Berau(BEJ)
Balikpapan(BPN),Berau(BEJ)
Balikpapan(BPN),Berau(BEJ)
Balikpapan(BPN),Jakarta(CGK)
Balikpapan(BPN),Jakarta(CGK)
Balikpapan(BPN),Jakarta(CGK)
Balikpapan(BPN),Jakarta(CGK)
Balikpapan(BPN),Jakarta(CGK)
Balikpapan(BPN),Jakarta(HLP)
Balikpapan(BPN),Jakarta(HLP)
Balikpapan(BPN),Jakarta(CGK)
Balikpapan(BPN),Jakarta(CGK)
Balikpapan(BPN),Jakarta(CGK)
Balikpapan(BPN),Jakarta(CGK)
Balikpapan(BPN),Jakarta(CGK)
Balikpapan(BPN),Jakarta(CGK)
Balikpapan(BPN),Jakarta(CGK)
Balikpapan(BPN),Jakarta(CGK)
Balikpapan(BPN),Makassar(UPG)
Balikpapan(BPN),Makassar(UPG)
Balikpapan(BPN),Makassar(UPG)
Balikpapan(BPN),Makassar(UPG)
Balikpapan(BPN),Makassar(UPG)
Balikpapan(BPN),Mamuju(MJU)
Balikpapan(BPN),Manado(MDC)
Balikpapan(BPN),Palangkaraya(PKY)
Balikpapan(BPN),Palu(PLW)
Balikpapan(BPN),Palu(PLW)
Balikpapan(BPN),Pontianak(PNK)
Balikpapan(BPN),TSelor(TJS)
Balikpapan(BPN),Semarang(SRG)
Balikpapan(BPN),Surabaya(SUB)
Balikpapan(BPN),Surabaya(SUB)
Balikpapan(BPN),Surabaya(SUB)
Balikpapan(BPN),Surabaya(SUB)
Balikpapan(BPN),Surabaya(SUB)
Balikpapan(BPN),Surabaya(SUB)
Balikpapan(BPN),Surabaya(SUB)
Balikpapan(BPN),Surabaya(SUB)
Balikpapan(BPN),Surabaya(SUB)
Balikpapan(BPN),Tarakan(TRK)
Balikpapan(BPN),Tarakan(TRK)
Balikpapan(BPN),Tarakan(TRK)
Balikpapan(BPN),Tarakan(TRK)
Balikpapan(BPN),Tarakan(TRK)
Balikpapan(BPN),Tarakan(TRK)
Balikpapan(BPN),Tarakan(TRK)
Balikpapan(BPN),Yogyakarta(JOG)
Balikpapan(BPN),Yogyakarta(JOG)
Balikpapan(BPN),Yogyakarta(JOG)
Balikpapan(BPN),Yogyakarta(JOG)
Balikpapan(BPN),Yogyakarta(JOG)
Balikpapan(BPN),Yogyakarta(JOG)
Bandung(BDO),Bali(DPS)
Bandung(BDO),Bali(DPS)
Bandung(BDO),Bali(DPS)
Bandung(BDO),Bali(DPS)
Bandung(BDO),Bali(DPS)
Bandung(BDO),Bali(DPS)
Bandung(BDO),Balikpapan(BPN)
Bandung(BDO),Banjarmasin(BDJ)
Bandung(BDO),Batam(BTH)
Bandung(BDO),Jakarta(HLP)
Bandung(BDO),BLampung(TKG)
Bandung(BDO),Makassar(UPG)
Bandung(BDO),Medan(KNO)
Bandung(BDO),Medan(KNO)
Bandung(BDO),Medan(KNO)
Bandung(BDO),Palembang(PLM)
Bandung(BDO),Palembang(PLM)
Bandung(BDO),Bangka(PGK)
Bandung(BDO),Pekanbaru(PKU)
Bandung(BDO),Pekanbaru(PKU)
Bandung(BDO),Pontianak(PNK)
Bandung(BDO),Solo(SOC)
Bandung(BDO),Yogyakarta(JOG)
Bandung(BDO),Semarang(SRG)
Bandung(BDO),Semarang(SRG)
Bandung(BDO),Semarang(SRG)
Bandung(BDO),Surabaya(SUB)
Bandung(BDO),Surabaya(SUB)
Bandung(BDO),Surabaya(SUB)
Bandung(BDO),Surabaya(SUB)
Bandung(BDO),Surabaya(SUB)
Banjarmasin(BDJ),Balikpapan(BPN)
Banjarmasin(BDJ),Balikpapan(BPN)
Banjarmasin(BDJ),Balikpapan(BPN)
Banjarmasin(BDJ),Balikpapan(BPN)
Banjarmasin(BDJ),Balikpapan(BPN)
Banjarmasin(BDJ),Bandung(BDO)
Banjarmasin(BDJ),Batulicin(BTW)
Banjarmasin(BDJ),Batulicin(BTW)
Banjarmasin(BDJ),Jakarta(CGK)
Banjarmasin(BDJ),Jakarta(CGK)
Banjarmasin(BDJ),Jakarta(CGK)
Banjarmasin(BDJ),Jakarta(CGK)
Banjarmasin(BDJ),Jakarta(CGK)
Banjarmasin(BDJ),Jakarta(CGK)
Banjarmasin(BDJ),Jakarta(CGK)
Banjarmasin(BDJ),Jakarta(CGK)
Banjarmasin(BDJ),Jakarta(CGK)
Banjarmasin(BDJ),Jakarta(CGK)
Banjarmasin(BDJ),Jakarta(CGK)
Banjarmasin(BDJ),Kotabaru(KBU)
Banjarmasin(BDJ),Makassar(UPG)
Banjarmasin(BDJ),Makassar(UPG)
Banjarmasin(BDJ),Sampit(SMQ)
Banjarmasin(BDJ),Semarang(SRG)
Banjarmasin(BDJ),Semarang(SRG)
Banjarmasin(BDJ),Surabaya(SUB)
Banjarmasin(BDJ),Surabaya(SUB)
Banjarmasin(BDJ),Surabaya(SUB)
Banjarmasin(BDJ),Surabaya(SUB)
Banjarmasin(BDJ),Surabaya(SUB)
Banjarmasin(BDJ),Surabaya(SUB)
Banjarmasin(BDJ),Surabaya(SUB)
Banjarmasin(BDJ),Surabaya(SUB)
Banjarmasin(BDJ),Yogyakarta(JOG)
Banyuwangi(BWX),Jakarta(CGK)
Banyuwangi(BWX),Jakarta(CGK)
Banyuwangi(BWX),Jakarta(CGK)
Banyuwangi(BWX),Surabaya(SUB)
Batam(BTH),Bandung(BDO)
Batam(BTH),Bengkulu(BKS)
Batam(BTH),Bintan(TNJ)
Batam(BTH),Dumai(DUM)
Batam(BTH),Jakarta(CGK)
Batam(BTH),Jakarta(CGK)
Batam(BTH),Jakarta(CGK)
Batam(BTH),Jakarta(HLP)
Batam(BTH),Jakarta(CGK)
Batam(BTH),Jakarta(CGK)
Batam(BTH),Jakarta(CGK)
Batam(BTH),Jakarta(CGK)
Batam(BTH),Jakarta(CGK)
Batam(BTH),Jakarta(CGK)
Batam(BTH),Jakarta(CGK)
Batam(BTH),Jakarta(CGK)
Batam(BTH),Jambi(DJB)
Batam(BTH),Anambas(LMU)
Batam(BTH),BLampung(TKG)
Batam(BTH),Medan(KNO)
Batam(BTH),Medan(KNO)
Batam(BTH),Medan(KNO)
Batam(BTH),Medan(KNO)
Batam(BTH),Medan(KNO)
Batam(BTH),Natuna(NTX)
Batam(BTH),Natuna(NTX)
Batam(BTH),Padang(PDG)
Batam(BTH),Padang(PDG)
Batam(BTH),Padang(PDG)
Batam(BTH),Palembang(PLM)
Batam(BTH),Palembang(PLM)
Batam(BTH),Bangka(PGK)
Batam(BTH),Pekanbaru(PKU)
Batam(BTH),Pekanbaru(PKU)
Batam(BTH),Pekanbaru(PKU)
Batam(BTH),Pontianak(PNK)
Batam(BTH),Pontianak(PNK)
Batam(BTH),Pontianak(PNK)
Batam(BTH),Semarang(SRG)
Batam(BTH),Surabaya(SUB)
Batam(BTH),Surabaya(SUB)
Batam(BTH),Surabaya(SUB)
Batam(BTH),Yogyakarta(JOG)
Batulicin(BTW),Banjarmasin(BDJ)
Batulicin(BTW),Banjarmasin(BDJ)
Batulicin(BTW),Makassar(UPG)
Batulicin(BTW),Surabaya(SUB)
Belitung(TJQ),Jakarta(CGK)
Belitung(TJQ),Jakarta(CGK)
Belitung(TJQ),Jakarta(CGK)
Belitung(TJQ),Jakarta(CGK)
Belitung(TJQ),Jakarta(CGK)
Belitung(TJQ),Jakarta(CGK)
Belitung(TJQ),Jakarta(CGK)
Belitung(TJQ),Jakarta(CGK)
Belitung(TJQ),Bangka(PGK)
Belitung(TJQ),Bangka(PGK)
Belitung(TJQ),Bangka(PGK)
Bengkulu(BKS),Jakarta(CGK)
Bengkulu(BKS),Jakarta(CGK)
Bengkulu(BKS),Jakarta(CGK)
Bengkulu(BKS),Jakarta(CGK)
Bengkulu(BKS),Jakarta(HLP)
Bengkulu(BKS),Jakarta(CGK)
Bengkulu(BKS),Jakarta(CGK)
Bengkulu(BKS),BLampung(TKG)
Bengkulu(BKS),Padang(PDG)
Bengkulu(BKS),Palembang(PLM)
Berau(BEJ),Balikpapan(BPN)
Berau(BEJ),Balikpapan(BPN)
Berau(BEJ),Balikpapan(BPN)
Berau(BEJ),Balikpapan(BPN)
Berau(BEJ),Balikpapan(BPN)
Berau(BEJ),Balikpapan(BPN)
Berau(BEJ),Balikpapan(BPN)
Berau(BEJ),Samarinda(SRI)
Berau(BEJ),Samarinda(SRI)
Biak(BIK),Jayapura(DJJ)
Biak(BIK),Jayapura(DJJ)
Biak(BIK),Makassar(UPG)
Biak(BIK),Makassar(UPG)
Biak(BIK),Nabire(NBX)
Bima(BMU),Bali(DPS)
Bima(BMU),Bali(DPS)
Bima(BMU),Lombok(LOP)
Bima(BMU),Lombok(LOP)
Bima(BMU),Lombok(LOP)
Bima(BMU),Makassar(UPG)
Bintan(TNJ),Batam(BTH)
Bintan(TNJ),Jakarta(CGK)
Bintan(TNJ),Jakarta(CGK)
Bintan(TNJ),Jakarta(CGK)
Bintan(TNJ),Pekanbaru(PKU)
MBungo(MRB),Jakarta(CGK)
Buol(UOL),Palu(PLW)
BButon(BUW),Kendari(KDI)
BButon(BUW),Makassar(UPG)
BButon(BUW),Makassar(UPG)
BButon(BUW),Makassar(UPG)
Dumai(DUM),Batam(BTH)
Dumai(DUM),Medan(KNO)
Dumai(DUM),Pekanbaru(PKU)
Ende(ENE),Kupang(KOE)
Ende(ENE),Kupang(KOE)
Ende(ENE),LBajo(LBJ)
Ende(ENE),Waikabubak(TMC)
FakFak(FKQ),Sorong(SOQ)
FakFak(FKQ),Sorong(SOQ)
Galela(GLX),Manado(MDC)
Gorontalo(GTO),Jakarta(CGK)
Gorontalo(GTO),Makassar(UPG)
Gorontalo(GTO),Makassar(UPG)
Gorontalo(GTO),Makassar(UPG)
Gorontalo(GTO),Manado(MDC)
Gorontalo(GTO),Palu(PLW)
GSitoli(GNS),Medan(KNO)
GSitoli(GNS),Medan(KNO)
GSitoli(GNS),Medan(KNO)
GSitoli(GNS),Padang(PDG)
Jakarta(CGK),BandaAceh(BTJ)
Jakarta(CGK),BandaAceh(BTJ)
Jakarta(CGK),BandaAceh(BTJ)
Jakarta(CGK),BandaAceh(BTJ)
Jakarta(CGK),Kupang(KOE)
Jakarta(CGK),Kupang(KOE)
Jakarta(CGK),Kupang(KOE)
Jakarta(CGK),Lombok(LOP)
Jakarta(CGK),Lombok(LOP)
Jakarta(CGK),Lombok(LOP)
Jakarta(HLP),Ambon(AMQ)
Jakarta(CGK),Ambon(AMQ)
Jakarta(CGK),Ambon(AMQ)
Jakarta(CGK),Bali(DPS)
Jakarta(CGK),Bali(DPS)
Jakarta(CGK),Bali(DPS)
Jakarta(CGK),Bali(DPS)
Jakarta(CGK),Bali(DPS)
Jakarta(CGK),Bali(DPS)
Jakarta(CGK),Bali(DPS)
Jakarta(CGK),Bali(DPS)
Jakarta(CGK),Bali(DPS)
Jakarta(CGK),Bali(DPS)
Jakarta(CGK),Bali(DPS)
Jakarta(CGK),Bali(DPS)
Jakarta(CGK),Bali(DPS)
Jakarta(CGK),Bali(DPS)
Jakarta(CGK),Bali(DPS)
Jakarta(CGK),Bali(DPS)
Jakarta(CGK),Bali(DPS)
Jakarta(CGK),Bali(DPS)
Jakarta(CGK),Bali(DPS)
Jakarta(CGK),Bali(DPS)
Jakarta(CGK),Bali(DPS)
Jakarta(CGK),Bali(DPS)
Jakarta(CGK),Bali(DPS)
Jakarta(CGK),Bali(DPS)
Jakarta(CGK),Bali(DPS)
Jakarta(CGK),Bali(DPS)
Jakarta(CGK),Bali(DPS)
Jakarta(CGK),Bali(DPS)
Jakarta(CGK),Bali(DPS)
Jakarta(CGK),Bali(DPS)
Jakarta(HLP),Bali(DPS)
Jakarta(HLP),Bali(DPS)
Jakarta(HLP),Bali(DPS)
Jakarta(CGK),Bali(DPS)
Jakarta(CGK),Bali(DPS)
Jakarta(CGK),Bali(DPS)
Jakarta(CGK),Bali(DPS)
Jakarta(HLP),Bali(DPS)
Jakarta(CGK),Bali(DPS)
Jakarta(CGK),Bali(DPS)
Jakarta(CGK),Bali(DPS)
Jakarta(CGK),Bali(DPS)
Jakarta(CGK),Bali(DPS)
Jakarta(CGK),Bali(DPS)
Jakarta(CGK),Bali(DPS)
Jakarta(CGK),Bali(DPS)
Jakarta(CGK),Bali(DPS)
Jakarta(CGK),Bali(DPS)
Jakarta(CGK),Bali(DPS)
Jakarta(CGK),Bali(DPS)
Jakarta(CGK),Bali(DPS)
Jakarta(CGK),Bali(DPS)
Jakarta(CGK),Bali(DPS)
Jakarta(CGK),Bali(DPS)
Jakarta(CGK),Balikpapan(BPN)
Jakarta(CGK),Balikpapan(BPN)
Jakarta(CGK),Balikpapan(BPN)
Jakarta(CGK),Balikpapan(BPN)
Jakarta(CGK),Balikpapan(BPN)
Jakarta(HLP),Balikpapan(BPN)
Jakarta(HLP),Balikpapan(BPN)
Jakarta(CGK),Balikpapan(BPN)
Jakarta(CGK),Balikpapan(BPN)
Jakarta(CGK),Balikpapan(BPN)
Jakarta(CGK),Balikpapan(BPN)
Jakarta(CGK),Balikpapan(BPN)
Jakarta(CGK),Balikpapan(BPN)
Jakarta(CGK),Balikpapan(BPN)
Jakarta(CGK),Balikpapan(BPN)
Jakarta(CGK),Banjarmasin(BDJ)
Jakarta(CGK),Banjarmasin(BDJ)
Jakarta(CGK),Banjarmasin(BDJ)
Jakarta(CGK),Banjarmasin(BDJ)
Jakarta(CGK),Banjarmasin(BDJ)
Jakarta(CGK),Banjarmasin(BDJ)
Jakarta(CGK),Banjarmasin(BDJ)
Jakarta(CGK),Banjarmasin(BDJ)
Jakarta(CGK),Banjarmasin(BDJ)
Jakarta(CGK),Banjarmasin(BDJ)
Jakarta(CGK),Banjarmasin(BDJ)
Jakarta(CGK),Banyuwangi(BWX)
Jakarta(CGK),Banyuwangi(BWX)
Jakarta(CGK),Banyuwangi(BWX)
Jakarta(CGK),Batam(BTH)
Jakarta(CGK),Batam(BTH)
Jakarta(CGK),Batam(BTH)
Jakarta(CGK),Batam(BTH)
Jakarta(CGK),Batam(BTH)
Jakarta(HLP),Batam(BTH)
Jakarta(CGK),Batam(BTH)
Jakarta(CGK),Batam(BTH)
Jakarta(CGK),Batam(BTH)
Jakarta(CGK),Batam(BTH)
Jakarta(CGK),Batam(BTH)
Jakarta(CGK),Batam(BTH)
Jakarta(HLP),Bandung(BDO)
Jakarta(CGK),Belitung(TJQ)
Jakarta(CGK),Belitung(TJQ)
Jakarta(CGK),Belitung(TJQ)
Jakarta(CGK),Belitung(TJQ)
Jakarta(CGK),Belitung(TJQ)
Jakarta(CGK),Belitung(TJQ)
Jakarta(CGK),Belitung(TJQ)
Jakarta(CGK),Belitung(TJQ)
Jakarta(CGK),Bengkulu(BKS)
Jakarta(CGK),Bengkulu(BKS)
Jakarta(CGK),Bengkulu(BKS)
Jakarta(CGK),Bengkulu(BKS)
Jakarta(HLP),Bengkulu(BKS)
Jakarta(CGK),Bengkulu(BKS)
Jakarta(CGK),Bengkulu(BKS)
Jakarta(CGK),Bintan(TNJ)
Jakarta(CGK),Bintan(TNJ)
Jakarta(CGK),Bintan(TNJ)
Jakarta(CGK),MBungo(MRB)
Jakarta(CGK),Gorontalo(GTO)
Jakarta(CGK),Jambi(DJB)
Jakarta(CGK),Jambi(DJB)
Jakarta(CGK),Jambi(DJB)
Jakarta(CGK),Jambi(DJB)
Jakarta(CGK),Jambi(DJB)
Jakarta(CGK),Jambi(DJB)
Jakarta(CGK),Jambi(DJB)
Jakarta(CGK),Jambi(DJB)
Jakarta(CGK),Jambi(DJB)
Jakarta(CGK),Jambi(DJB)
Jakarta(CGK),Jambi(DJB)
Jakarta(CGK),Jayapura(DJJ)
Jakarta(CGK),Jayapura(DJJ)
Jakarta(CGK),Jayapura(DJJ)
Jakarta(CGK),Kendari(KDI)
Jakarta(CGK),Kendari(KDI)
Jakarta(CGK),Kendari(KDI)
Jakarta(CGK),LBajo(LBJ)
Jakarta(CGK),LBajo(LBJ)
Jakarta(CGK),LBajo(LBJ)
Jakarta(CGK),BLampung(TKG)
Jakarta(CGK),BLampung(TKG)
Jakarta(CGK),BLampung(TKG)
Jakarta(CGK),BLampung(TKG)
Jakarta(CGK),BLampung(TKG)
Jakarta(CGK),BLampung(TKG)
Jakarta(CGK),BLampung(TKG)
Jakarta(CGK),BLampung(TKG)
Jakarta(CGK),BLampung(TKG)
Jakarta(CGK),BLampung(TKG)
Jakarta(CGK),BLampung(TKG)
Jakarta(HLP),BLampung(TKG)
Jakarta(CGK),BLampung(TKG)
Jakarta(CGK),BLampung(TKG)
Jakarta(CGK),BLampung(TKG)
Jakarta(CGK),BLampung(TKG)
Jakarta(CGK),LLinggau(LLG)
Jakarta(CGK),LLinggau(LLG)
Jakarta(CGK),Makassar(UPG)
Jakarta(CGK),Makassar(UPG)
Jakarta(CGK),Makassar(UPG)
Jakarta(CGK),Makassar(UPG)
Jakarta(CGK),Makassar(UPG)
Jakarta(CGK),Makassar(UPG)
Jakarta(CGK),Makassar(UPG)
Jakarta(CGK),Makassar(UPG)
Jakarta(CGK),Makassar(UPG)
Jakarta(CGK),Makassar(UPG)
Jakarta(CGK),Makassar(UPG)
Jakarta(CGK),Makassar(UPG)
Jakarta(CGK),Makassar(UPG)
Jakarta(HLP),Makassar(UPG)
Jakarta(CGK),Makassar(UPG)
Jakarta(CGK),Makassar(UPG)
Jakarta(CGK),Makassar(UPG)
Jakarta(CGK),Makassar(UPG)
Jakarta(CGK),Makassar(UPG)
Jakarta(CGK),Makassar(UPG)
Jakarta(CGK),Makassar(UPG)
Jakarta(CGK),Makassar(UPG)
Jakarta(CGK),Makassar(UPG)
Jakarta(CGK),Makassar(UPG)
Jakarta(CGK),Makassar(UPG)
Jakarta(CGK),Makassar(UPG)
Jakarta(CGK),Makassar(UPG)
Jakarta(CGK),Makassar(UPG)
Jakarta(CGK),Makassar(UPG)
Jakarta(CGK),Makassar(UPG)
Jakarta(HLP),Malang(MLG)
Jakarta(HLP),Malang(MLG)
Jakarta(CGK),Malang(MLG)
Jakarta(HLP),Malang(MLG)
Jakarta(HLP),Malang(MLG)
Jakarta(CGK),Malang(MLG)
Jakarta(CGK),Malang(MLG)
Jakarta(CGK),Malang(MLG)
Jakarta(CGK),Malang(MLG)
Jakarta(CGK),Malang(MLG)
Jakarta(CGK),Manado(MDC)
Jakarta(CGK),Manado(MDC)
Jakarta(CGK),Manado(MDC)
Jakarta(CGK),Manado(MDC)
Jakarta(CGK),Manado(MDC)
Jakarta(CGK),Manado(MDC)
Jakarta(CGK),Manado(MDC)
Jakarta(CGK),Manokwari(MKW)
Jakarta(HLP),Medan(KNO)
Jakarta(CGK),Medan(KNO)
Jakarta(CGK),Medan(KNO)
Jakarta(CGK),Medan(KNO)
Jakarta(CGK),Medan(KNO)
Jakarta(CGK),Medan(KNO)
Jakarta(CGK),Medan(KNO)
Jakarta(CGK),Medan(KNO)
Jakarta(CGK),Medan(KNO)
Jakarta(CGK),Medan(KNO)
Jakarta(CGK),Medan(KNO)
Jakarta(CGK),Medan(KNO)
Jakarta(CGK),Medan(KNO)
Jakarta(HLP),Medan(KNO)
Jakarta(CGK),Medan(KNO)
Jakarta(CGK),Medan(KNO)
Jakarta(CGK),Medan(KNO)
Jakarta(CGK),Medan(KNO)
Jakarta(CGK),Medan(KNO)
Jakarta(CGK),Medan(KNO)
Jakarta(HLP),Medan(KNO)
Jakarta(HLP),Medan(KNO)
Jakarta(HLP),Medan(KNO)
Jakarta(CGK),Medan(KNO)
Jakarta(CGK),Medan(KNO)
Jakarta(CGK),Medan(KNO)
Jakarta(CGK),Medan(KNO)
Jakarta(CGK),Medan(KNO)
Jakarta(CGK),Medan(KNO)
Jakarta(CGK),Medan(KNO)
Jakarta(CGK),Medan(KNO)
Jakarta(CGK),Padang(PDG)
Jakarta(HLP),Padang(PDG)
Jakarta(CGK),Padang(PDG)
Jakarta(CGK),Padang(PDG)
Jakarta(CGK),Padang(PDG)
Jakarta(CGK),Padang(PDG)
Jakarta(CGK),Padang(PDG)
Jakarta(CGK),Padang(PDG)
Jakarta(CGK),Padang(PDG)
Jakarta(HLP),Padang(PDG)
Jakarta(HLP),Padang(PDG)
Jakarta(CGK),Padang(PDG)
Jakarta(CGK),Padang(PDG)
Jakarta(CGK),Padang(PDG)
Jakarta(CGK),Padang(PDG)
Jakarta(CGK),Padang(PDG)
Jakarta(CGK),Padang(PDG)
Jakarta(CGK),Palangkaraya(PKY)
Jakarta(CGK),Palangkaraya(PKY)
Jakarta(CGK),Palangkaraya(PKY)
Jakarta(HLP),Palembang(PLM)
Jakarta(CGK),Palembang(PLM)
Jakarta(CGK),Palembang(PLM)
Jakarta(CGK),Palembang(PLM)
Jakarta(CGK),Palembang(PLM)
Jakarta(CGK),Palembang(PLM)
Jakarta(CGK),Palembang(PLM)
Jakarta(CGK),Palembang(PLM)
Jakarta(CGK),Palembang(PLM)
Jakarta(CGK),Palembang(PLM)
Jakarta(HLP),Palembang(PLM)
Jakarta(HLP),Palembang(PLM)
Jakarta(CGK),Palembang(PLM)
Jakarta(CGK),Palembang(PLM)
Jakarta(CGK),Palembang(PLM)
Jakarta(CGK),Palembang(PLM)
Jakarta(CGK),Palembang(PLM)
Jakarta(CGK),Palembang(PLM)
Jakarta(CGK),Palembang(PLM)
Jakarta(CGK),Palembang(PLM)
Jakarta(CGK),Palembang(PLM)
Jakarta(CGK),Palembang(PLM)
Jakarta(CGK),Palu(PLW)
Jakarta(CGK),Palu(PLW)
Jakarta(CGK),Palu(PLW)
Jakarta(CGK),Palu(PLW)
Jakarta(CGK),PBun(PKN)
Jakarta(CGK),PBun(PKN)
Jakarta(CGK),Bangka(PGK)
Jakarta(CGK),Bangka(PGK)
Jakarta(CGK),Bangka(PGK)
Jakarta(CGK),Bangka(PGK)
Jakarta(CGK),Bangka(PGK)
Jakarta(CGK),Bangka(PGK)
Jakarta(CGK),Bangka(PGK)
Jakarta(CGK),Bangka(PGK)
Jakarta(CGK),Pontianak(PNK)
Jakarta(CGK),Pontianak(PNK)
Jakarta(CGK),Pontianak(PNK)
Jakarta(CGK),Pontianak(PNK)
Jakarta(CGK),Pontianak(PNK)
Jakarta(CGK),Pontianak(PNK)
Jakarta(CGK),Pontianak(PNK)
Jakarta(CGK),Pontianak(PNK)
Jakarta(CGK),Pontianak(PNK)
Jakarta(CGK),Pontianak(PNK)
Jakarta(CGK),Pontianak(PNK)
Jakarta(CGK),Pontianak(PNK)
Jakarta(CGK),Pontianak(PNK)
Jakarta(CGK),Pontianak(PNK)
Jakarta(CGK),Pontianak(PNK)
Jakarta(CGK),Samarinda(SRI)
Jakarta(HLP),Samarinda(SRI)
Jakarta(CGK),Samarinda(SRI)
Jakarta(CGK),Samarinda(SRI)
Jakarta(CGK),Samarinda(SRI)
Jakarta(CGK),Sampit(SMQ)
Jakarta(CGK),Sampit(SMQ)
Jakarta(CGK),Semarang(SRG)
Jakarta(CGK),Semarang(SRG)
Jakarta(CGK),Semarang(SRG)
Jakarta(HLP),Semarang(SRG)
Jakarta(HLP),Semarang(SRG)
Jakarta(HLP),Semarang(SRG)
Jakarta(CGK),Semarang(SRG)
Jakarta(CGK),Semarang(SRG)
Jakarta(CGK),Semarang(SRG)
Jakarta(CGK),Semarang(SRG)
Jakarta(CGK),Semarang(SRG)
Jakarta(CGK),Semarang(SRG)
Jakarta(HLP),Semarang(SRG)
Jakarta(HLP),Semarang(SRG)
Jakarta(CGK),Semarang(SRG)
Jakarta(CGK),Semarang(SRG)
Jakarta(CGK),Semarang(SRG)
Jakarta(CGK),Semarang(SRG)
Jakarta(CGK),Semarang(SRG)
Jakarta(CGK),Semarang(SRG)
Jakarta(CGK),Semarang(SRG)
Jakarta(CGK),Semarang(SRG)
Jakarta(CGK),Semarang(SRG)
Jakarta(CGK),Semarang(SRG)
Jakarta(CGK),Semarang(SRG)
Jakarta(CGK),Sibolga(FLZ)
Jakarta(CGK),Sibolga(FLZ)
Jakarta(CGK),Silangit(DTB)
Jakarta(HLP),Silangit(DTB)
Jakarta(CGK),Silangit(DTB)
Jakarta(CGK),Silangit(DTB)
Jakarta(CGK),Silangit(DTB)
Jakarta(CGK),Solo(SOC)
Jakarta(CGK),Solo(SOC)
Jakarta(CGK),Solo(SOC)
Jakarta(HLP),Solo(SOC)
Jakarta(HLP),Solo(SOC)
Jakarta(CGK),Solo(SOC)
Jakarta(CGK),Solo(SOC)
Jakarta(HLP),Solo(SOC)
Jakarta(CGK),Solo(SOC)
Jakarta(CGK),Solo(SOC)
Jakarta(HLP),Solo(SOC)
Jakarta(CGK),Solo(SOC)
Jakarta(CGK),Solo(SOC)
Jakarta(CGK),Solo(SOC)
Jakarta(CGK),Solo(SOC)
Jakarta(CGK),Sorong(SOQ)
Jakarta(CGK),Sorong(SOQ)
Jakarta(CGK),Surabaya(SUB)
Jakarta(CGK),Surabaya(SUB)
Jakarta(CGK),Surabaya(SUB)
Jakarta(CGK),Surabaya(SUB)
Jakarta(CGK),Surabaya(SUB)
Jakarta(CGK),Surabaya(SUB)
Jakarta(CGK),Surabaya(SUB)
Jakarta(CGK),Surabaya(SUB)
Jakarta(CGK),Surabaya(SUB)
Jakarta(CGK),Surabaya(SUB)
Jakarta(CGK),Surabaya(SUB)
Jakarta(CGK),Surabaya(SUB)
Jakarta(CGK),Surabaya(SUB)
Jakarta(CGK),Surabaya(SUB)
Jakarta(CGK),Surabaya(SUB)
Jakarta(CGK),Surabaya(SUB)
Jakarta(CGK),Surabaya(SUB)
Jakarta(CGK),Surabaya(SUB)
Jakarta(CGK),Surabaya(SUB)
Jakarta(CGK),Surabaya(SUB)
Jakarta(CGK),Surabaya(SUB)
Jakarta(CGK),Surabaya(SUB)
Jakarta(CGK),Surabaya(SUB)
Jakarta(CGK),Surabaya(SUB)
Jakarta(CGK),Surabaya(SUB)
Jakarta(CGK),Surabaya(SUB)
Jakarta(CGK),Surabaya(SUB)
Jakarta(HLP),Surabaya(SUB)
Jakarta(HLP),Surabaya(SUB)
Jakarta(HLP),Surabaya(SUB)
Jakarta(HLP),Surabaya(SUB)
Jakarta(HLP),Surabaya(SUB)
Jakarta(HLP),Surabaya(SUB)
Jakarta(HLP),Surabaya(SUB)
Jakarta(HLP),Surabaya(SUB)
Jakarta(HLP),Surabaya(SUB)
Jakarta(HLP),Surabaya(SUB)
Jakarta(HLP),Surabaya(SUB)
Jakarta(CGK),Surabaya(SUB)
Jakarta(CGK),Surabaya(SUB)
Jakarta(CGK),Surabaya(SUB)
Jakarta(CGK),Surabaya(SUB)
Jakarta(CGK),Surabaya(SUB)
Jakarta(CGK),Surabaya(SUB)
Jakarta(CGK),Surabaya(SUB)
Jakarta(CGK),Surabaya(SUB)
Jakarta(CGK),Surabaya(SUB)
Jakarta(CGK),Surabaya(SUB)
Jakarta(CGK),Surabaya(SUB)
Jakarta(CGK),Surabaya(SUB)
Jakarta(CGK),Tarakan(TRK)
Jakarta(HLP),Tasikmalaya(TSY)
Jakarta(CGK),Yogyakarta(JOG)
Jakarta(CGK),Yogyakarta(JOG)
Jakarta(CGK),Yogyakarta(JOG)
Jakarta(CGK),Yogyakarta(JOG)
Jakarta(CGK),Yogyakarta(JOG)
Jakarta(CGK),Yogyakarta(JOG)
Jakarta(CGK),Yogyakarta(JOG)
Jakarta(CGK),Yogyakarta(JOG)
Jakarta(CGK),Yogyakarta(JOG)
Jakarta(CGK),Yogyakarta(JOG)
Jakarta(CGK),Yogyakarta(JOG)
Jakarta(CGK),Yogyakarta(JOG)
Jakarta(CGK),Yogyakarta(JOG)
Jakarta(HLP),Yogyakarta(JOG)
Jakarta(HLP),Yogyakarta(JOG)
Jakarta(HLP),Yogyakarta(JOG)
Jakarta(HLP),Yogyakarta(JOG)
Jakarta(CGK),Yogyakarta(JOG)
Jakarta(HLP),Yogyakarta(JOG)
Jakarta(HLP),Yogyakarta(JOG)
Jakarta(HLP),Yogyakarta(JOG)
Jakarta(HLP),Yogyakarta(JOG)
Jakarta(HLP),Yogyakarta(JOG)
Jakarta(CGK),Yogyakarta(JOG)
Jakarta(CGK),Yogyakarta(JOG)
Jakarta(CGK),Yogyakarta(JOG)
Jakarta(CGK),Yogyakarta(JOG)
Jakarta(CGK),Yogyakarta(JOG)
Jakarta(CGK),Yogyakarta(JOG)
Jakarta(CGK),Yogyakarta(JOG)
Jakarta(CGK),Yogyakarta(JOG)
Jakarta(CGK),Yogyakarta(JOG)
Jakarta(CGK),Yogyakarta(JOG)
Jakarta(CGK),Yogyakarta(JOG)
Jakarta(CGK),Ternate(TTE)
Jakarta(CGK),Ternate(TTE)
Jakarta(CGK),Ternate(TTE)
Jambi(DJB),Batam(BTH)
Jambi(DJB),Jakarta(CGK)
Jambi(DJB),Jakarta(CGK)
Jambi(DJB),Jakarta(CGK)
Jambi(DJB),Jakarta(CGK)
Jambi(DJB),Jakarta(CGK)
Jambi(DJB),Jakarta(CGK)
Jambi(DJB),Jakarta(CGK)
Jambi(DJB),Jakarta(CGK)
Jambi(DJB),Jakarta(CGK)
Jambi(DJB),Jakarta(CGK)
Jambi(DJB),Jakarta(CGK)
Jambi(DJB),BLampung(TKG)
Jambi(DJB),Padang(PDG)
Jambi(DJB),Palembang(PLM)
Jambi(DJB),Pekanbaru(PKU)
Jayapura(DJJ),Biak(BIK)
Jayapura(DJJ),Biak(BIK)
Jayapura(DJJ),Jakarta(CGK)
Jayapura(DJJ),Makassar(UPG)
Jayapura(DJJ),Makassar(UPG)
Jayapura(DJJ),Makassar(UPG)
Jayapura(DJJ),Makassar(UPG)
Jayapura(DJJ),Makassar(UPG)
Jayapura(DJJ),Merauke(MKQ)
Jayapura(DJJ),Merauke(MKQ)
Jayapura(DJJ),Merauke(MKQ)
Jayapura(DJJ),Nabire(NBX)
Jayapura(DJJ),Nabire(NBX)
Jayapura(DJJ),Nabire(NBX)
Jayapura(DJJ),Sorong(SOQ)
Jayapura(DJJ),Sorong(SOQ)
Jayapura(DJJ),Tanahmerah(TMH)
Jayapura(DJJ),Timika(TIM)
Jayapura(DJJ),Timika(TIM)
Jayapura(DJJ),Timika(TIM)
Jayapura(DJJ),Yahukimo(DEX)
Jayapura(DJJ),Yahukimo(DEX)
Jayapura(DJJ),Yahukimo(DEX)
Anambas(LMU),Batam(BTH)
Jember(JBB),Surabaya(SUB)
Kaimana(KNG),Manokwari(MKW)
Kaimana(KNG),Sorong(SOQ)
Karimunjawa(KWB),Semarang(SRG)
Kendari(KDI),BButon(BUW)
Kendari(KDI),Jakarta(CGK)
Kendari(KDI),Jakarta(CGK)
Kendari(KDI),Makassar(UPG)
Kendari(KDI),Makassar(UPG)
Kendari(KDI),Makassar(UPG)
Kendari(KDI),Makassar(UPG)
Kendari(KDI),Makassar(UPG)
Kendari(KDI),Makassar(UPG)
Kendari(KDI),Makassar(UPG)
Kendari(KDI),Makassar(UPG)
Kendari(KDI),Makassar(UPG)
Kendari(KDI),Surabaya(SUB)
Ketapang(KTG),Pontianak(PNK)
Ketapang(KTG),Pontianak(PNK)
Ketapang(KTG),Pontianak(PNK)
Ketapang(KTG),Pontianak(PNK)
Ketapang(KTG),Pontianak(PNK)
Ketapang(KTG),Pontianak(PNK)
Ketapang(KTG),Semarang(SRG)
Kotabaru(KBU),Banjarmasin(BDJ)
Kotabaru(KBU),Makassar(UPG)
Kuching(KCH),Pontianak(PNK)
Kuching(KCH),Pontianak(PNK)
Kupang(KOE),Alor(ARD)
Kupang(KOE),Alor(ARD)
Kupang(KOE),Alor(ARD)
Kupang(KOE),Atambua(ABU)
Kupang(KOE),Atambua(ABU)
Kupang(KOE),Atambua(ABU)
Kupang(KOE),Bajawa(BJW)
Kupang(KOE),Bajawa(BJW)
Kupang(KOE),Bali(DPS)
Kupang(KOE),Bali(DPS)
Kupang(KOE),Ende(ENE)
Kupang(KOE),Ende(ENE)
Kupang(KOE),Jakarta(HLP)
Kupang(KOE),Jakarta(CGK)
Kupang(KOE),Jakarta(CGK)
Kupang(KOE),LBajo(LBJ)
Kupang(KOE),Larantuka(LKA)
Kupang(KOE),Larantuka(LKA)
Kupang(KOE),Lewoleba(LWE)
Kupang(KOE),Lombok(LOP)
Kupang(KOE),Makassar(UPG)
Kupang(KOE),Maumere(MOF)
Kupang(KOE),Maumere(MOF)
Kupang(KOE),Maumere(MOF)
Kupang(KOE),Rote(RTI)
Kupang(KOE),Ruteng(RTG)
Kupang(KOE),Surabaya(SUB)
Kupang(KOE),Surabaya(SUB)
Kupang(KOE),Surabaya(SUB)
Kupang(KOE),Surabaya(SUB)
Kupang(KOE),Surabaya(SUB)
Kupang(KOE),Surabaya(SUB)
Kupang(KOE),Waikabubak(TMC)
Kupang(KOE),Waikabubak(TMC)
Kupang(KOE),Waikabubak(TMC)
Kupang(KOE),Waingapu(WGP)
Kupang(KOE),Waingapu(WGP)
LBajo(LBJ),Bajawa(BJW)
LBajo(LBJ),Bali(DPS)
LBajo(LBJ),Bali(DPS)
LBajo(LBJ),Bali(DPS)
LBajo(LBJ),Ende(ENE)
LBajo(LBJ),Jakarta(CGK)
LBajo(LBJ),Jakarta(CGK)
LBajo(LBJ),Jakarta(CGK)
LBajo(LBJ),Kupang(KOE)
LBajo(LBJ),Lombok(LOP)
LBajo(LBJ),Maumere(MOF)
LBajo(LBJ),Surabaya(SUB)
Labuha(LAH),Ternate(TTE)
BLampung(TKG),Batam(BTH)
BLampung(TKG),Bandung(BDO)
BLampung(TKG),Bengkulu(BKS)
BLampung(TKG),Jambi(DJB)
BLampung(TKG),Jakarta(CGK)
BLampung(TKG),Jakarta(CGK)
BLampung(TKG),Jakarta(CGK)
BLampung(TKG),Jakarta(CGK)
BLampung(TKG),Jakarta(CGK)
BLampung(TKG),Jakarta(CGK)
BLampung(TKG),Jakarta(CGK)
BLampung(TKG),Jakarta(CGK)
BLampung(TKG),Jakarta(CGK)
BLampung(TKG),Jakarta(CGK)
BLampung(TKG),Jakarta(CGK)
BLampung(TKG),Jakarta(CGK)
BLampung(TKG),Jakarta(CGK)
BLampung(TKG),Jakarta(CGK)
BLampung(TKG),Jakarta(CGK)
BLampung(TKG),Jakarta(HLP)
BLampung(TKG),Palembang(PLM)
BLampung(TKG),Yogyakarta(JOG)
Langgur(LUV),Ambon(AMQ)
Langgur(LUV),Ambon(AMQ)
Larantuka(LKA),Kupang(KOE)
Larantuka(LKA),Kupang(KOE)
Lewoleba(LWE),Kupang(KOE)
Lhokseumawe(LSW),Medan(KNO)
LLinggau(LLG),Jakarta(CGK)
LLinggau(LLG),Jakarta(CGK)
Lombok(LOP),Bali(DPS)
Lombok(LOP),Bali(DPS)
Lombok(LOP),Bali(DPS)
Lombok(LOP),Bali(DPS)
Lombok(LOP),Bali(DPS)
Lombok(LOP),Bali(DPS)
Lombok(LOP),Bali(DPS)
Lombok(LOP),Bima(BMU)
Lombok(LOP),Bima(BMU)
Lombok(LOP),Bima(BMU)
Lombok(LOP),Jakarta(CGK)
Lombok(LOP),Jakarta(CGK)
Lombok(LOP),Jakarta(HLP)
Lombok(LOP),Jakarta(HLP)
Lombok(LOP),Jakarta(CGK)
Lombok(LOP),Jakarta(CGK)
Lombok(LOP),Kupang(KOE)
Lombok(LOP),LBajo(LBJ)
Lombok(LOP),Makassar(UPG)
Lombok(LOP),Semarang(SRG)
Lombok(LOP),SBesar(SWQ)
Lombok(LOP),Surabaya(SUB)
Lombok(LOP),Surabaya(SUB)
Lombok(LOP),Surabaya(SUB)
Lombok(LOP),Surabaya(SUB)
Lombok(LOP),Surabaya(SUB)
Lombok(LOP),Surabaya(SUB)
Lombok(LOP),Surabaya(SUB)
Lombok(LOP),Surabaya(SUB)
Lombok(LOP),Yogyakarta(JOG)
Luwuk(LUW),Makassar(UPG)
Luwuk(LUW),Makassar(UPG)
Luwuk(LUW),Manado(MDC)
Luwuk(LUW),Palu(PLW)
Majalengka(KJT),Balikpapan(BPN)
Majalengka(KJT),Medan(KNO)
Majalengka(KJT),Surabaya(SUB)
Makassar(UPG),Ambon(AMQ)
Makassar(UPG),Ambon(AMQ)
Makassar(UPG),Ambon(AMQ)
Makassar(UPG),Ambon(AMQ)
Makassar(UPG),Ambon(AMQ)
Makassar(UPG),Bali(DPS)
Makassar(UPG),Bali(DPS)
Makassar(UPG),Bali(DPS)
Makassar(UPG),Bali(DPS)
Makassar(UPG),Bali(DPS)
Makassar(UPG),Balikpapan(BPN)
Makassar(UPG),Balikpapan(BPN)
Makassar(UPG),Balikpapan(BPN)
Makassar(UPG),Balikpapan(BPN)
Makassar(UPG),Balikpapan(BPN)
Makassar(UPG),Bandung(BDO)
Makassar(UPG),Banjarmasin(BDJ)
Makassar(UPG),Banjarmasin(BDJ)
Makassar(UPG),Batulicin(BTW)
Makassar(UPG),Biak(BIK)
Makassar(UPG),Biak(BIK)
Makassar(UPG),Bima(BMU)
Makassar(UPG),BButon(BUW)
Makassar(UPG),BButon(BUW)
Makassar(UPG),BButon(BUW)
Makassar(UPG),Gorontalo(GTO)
Makassar(UPG),Gorontalo(GTO)
Makassar(UPG),Gorontalo(GTO)
Makassar(UPG),Jayapura(DJJ)
Makassar(UPG),Jayapura(DJJ)
Makassar(UPG),Jayapura(DJJ)
Makassar(UPG),Jayapura(DJJ)
Makassar(UPG),Jayapura(DJJ)
Makassar(UPG),Jakarta(CGK)
Makassar(UPG),Jakarta(CGK)
Makassar(UPG),Jakarta(CGK)
Makassar(UPG),Jakarta(CGK)
Makassar(UPG),Jakarta(CGK)
Makassar(UPG),Jakarta(CGK)
Makassar(UPG),Jakarta(CGK)
Makassar(UPG),Jakarta(CGK)
Makassar(UPG),Jakarta(CGK)
Makassar(UPG),Jakarta(CGK)
Makassar(UPG),Jakarta(CGK)
Makassar(UPG),Jakarta(CGK)
Makassar(UPG),Jakarta(CGK)
Makassar(UPG),Jakarta(CGK)
Makassar(UPG),Jakarta(CGK)
Makassar(UPG),Jakarta(CGK)
Makassar(UPG),Jakarta(CGK)
Makassar(UPG),Jakarta(CGK)
Makassar(UPG),Jakarta(CGK)
Makassar(UPG),Jakarta(CGK)
Makassar(UPG),Jakarta(CGK)
Makassar(UPG),Jakarta(CGK)
Makassar(UPG),Jakarta(CGK)
Makassar(UPG),Jakarta(CGK)
Makassar(UPG),Jakarta(HLP)
Makassar(UPG),Jakarta(CGK)
Makassar(UPG),Jakarta(CGK)
Makassar(UPG),Jakarta(CGK)
Makassar(UPG),Jakarta(CGK)
Makassar(UPG),Jakarta(CGK)
Makassar(UPG),Jakarta(CGK)
Makassar(UPG),Jakarta(CGK)
Makassar(UPG),Kendari(KDI)
Makassar(UPG),Kendari(KDI)
Makassar(UPG),Kendari(KDI)
Makassar(UPG),Kendari(KDI)
Makassar(UPG),Kendari(KDI)
Makassar(UPG),Kendari(KDI)
Makassar(UPG),Kendari(KDI)
Makassar(UPG),Kendari(KDI)
Makassar(UPG),Kotabaru(KBU)
Makassar(UPG),Kupang(KOE)
Makassar(UPG),Lombok(LOP)
Makassar(UPG),Luwuk(LUW)
Makassar(UPG),Luwuk(LUW)
Makassar(UPG),Luwuk(LUW)
Makassar(UPG),Mamuju(MJU)
Makassar(UPG),Mamuju(MJU)
Makassar(UPG),Mamuju(MJU)
Makassar(UPG),Manado(MDC)
Makassar(UPG),Manado(MDC)
Makassar(UPG),Manado(MDC)
Makassar(UPG),Manado(MDC)
Makassar(UPG),Manokwari(MKW)
Makassar(UPG),Manokwari(MKW)
Makassar(UPG),Maumere(MOF)
Makassar(UPG),Maumere(MOF)
Makassar(UPG),Merauke(MKQ)
Makassar(UPG),Morowali(MOH)
Makassar(UPG),Muna(RAQ)
Makassar(UPG),Palopo(LLO)
Makassar(UPG),Palu(PLW)
Makassar(UPG),Palu(PLW)
Makassar(UPG),Palu(PLW)
Makassar(UPG),Palu(PLW)
Makassar(UPG),Palu(PLW)
Makassar(UPG),Palu(PLW)
Makassar(UPG),Palu(PLW)
Makassar(UPG),Pomala(PUM)
Makassar(UPG),Pomala(PUM)
Makassar(UPG),Pontianak(PNK)
Makassar(UPG),Poso(PSJ)
Makassar(UPG),Samarinda(SRI)
Makassar(UPG),Selayar(YKR)
Makassar(UPG),Selayar(YKR)
Makassar(UPG),Semarang(SRG)
Makassar(UPG),Sorong(SOQ)
Makassar(UPG),Sorong(SOQ)
Makassar(UPG),Sorong(SOQ)
Makassar(UPG),Sorong(SOQ)
Makassar(UPG),Sorong(SOQ)
Makassar(UPG),Surabaya(SUB)
Makassar(UPG),Surabaya(SUB)
Makassar(UPG),Surabaya(SUB)
Makassar(UPG),Surabaya(SUB)
Makassar(UPG),Surabaya(SUB)
Makassar(UPG),Surabaya(SUB)
Makassar(UPG),Surabaya(SUB)
Makassar(UPG),Surabaya(SUB)
Makassar(UPG),Surabaya(SUB)
Makassar(UPG),Surabaya(SUB)
Makassar(UPG),Surabaya(SUB)
Makassar(UPG),Surabaya(SUB)
Makassar(UPG),Surabaya(SUB)
Makassar(UPG),Tarakan(TRK)
Makassar(UPG),Ternate(TTE)
Makassar(UPG),Ternate(TTE)
Makassar(UPG),Timika(TIM)
Makassar(UPG),Timika(TIM)
Makassar(UPG),Yogyakarta(JOG)
Makassar(UPG),Yogyakarta(JOG)
Makassar(UPG),Yogyakarta(JOG)
Makassar(UPG),Yogyakarta(JOG)
Makassar(UPG),Yogyakarta(JOG)
Malang(MLG),Bali(DPS)
Malang(MLG),Jakarta(HLP)
Malang(MLG),Jakarta(HLP)
Malang(MLG),Jakarta(HLP)
Malang(MLG),Jakarta(CGK)
Malang(MLG),Jakarta(HLP)
Malang(MLG),Jakarta(CGK)
Malang(MLG),Jakarta(CGK)
Malang(MLG),Jakarta(CGK)
Malang(MLG),Jakarta(CGK)
Malang(MLG),Jakarta(CGK)
Mamuju(MJU),Balikpapan(BPN)
Mamuju(MJU),Makassar(UPG)
Mamuju(MJU),Makassar(UPG)
Mamuju(MJU),Makassar(UPG)
Manado(MDC),Ambon(AMQ)
Manado(MDC),Bali(DPS)
Manado(MDC),Balikpapan(BPN)
Manado(MDC),Galela(GLX)
Manado(MDC),Gorontalo(GTO)
Manado(MDC),Jakarta(CGK)
Manado(MDC),Jakarta(CGK)
Manado(MDC),Luwuk(LUW)
Manado(MDC),Makassar(UPG)
Manado(MDC),Makassar(UPG)
Manado(MDC),Makassar(UPG)
Manado(MDC),Makassar(UPG)
Manado(MDC),Naha(NAH)
Manado(MDC),Sorong(SOQ)
Manado(MDC),Sorong(SOQ)
Manado(MDC),Surabaya(SUB)
Manado(MDC),Surabaya(SUB)
Manado(MDC),Talaud(MNA)
Manado(MDC),Ternate(TTE)
Manado(MDC),Ternate(TTE)
Manado(MDC),Ternate(TTE)
Manado(MDC),Ternate(TTE)
Manado(MDC),Ternate(TTE)
Manado(MDC),Tobelo(KAZ)
Manokwari(MKW),FakFak(FKQ)
Manokwari(MKW),Jakarta(CGK)
Manokwari(MKW),Makassar(UPG)
Manokwari(MKW),Makassar(UPG)
Manokwari(MKW),Sorong(SOQ)
Manokwari(MKW),Sorong(SOQ)
Manokwari(MKW),Sorong(SOQ)
Manokwari(MKW),Sorong(SOQ)
Maumere(MOF),Bali(DPS)
Maumere(MOF),Bali(DPS)
Maumere(MOF),Kupang(KOE)
Maumere(MOF),Kupang(KOE)
Maumere(MOF),Kupang(KOE)
Maumere(MOF),LBajo(LBJ)
Maumere(MOF),Makassar(UPG)
Maumere(MOF),Makassar(UPG)
Medan(KNO),BandaAceh(BTJ)
Medan(KNO),BandaAceh(BTJ)
Medan(KNO),BandaAceh(BTJ)
Medan(KNO),BandaAceh(BTJ)
Medan(KNO),BandaAceh(BTJ)
Medan(KNO),TSelatan(AEG)
Medan(KNO),Bandung(BDO)
Medan(KNO),Bandung(BDO)
Medan(KNO),Bandung(BDO)
Medan(KNO),Batam(BTH)
Medan(KNO),Batam(BTH)
Medan(KNO),Batam(BTH)
Medan(KNO),Batam(BTH)
Medan(KNO),Batam(BTH)
Medan(KNO),Dumai(DUM)
Medan(KNO),GSitoli(GNS)
Medan(KNO),GSitoli(GNS)
Medan(KNO),GSitoli(GNS)
Medan(KNO),Jakarta(HLP)
Medan(KNO),Jakarta(CGK)
Medan(KNO),Jakarta(CGK)
Medan(KNO),Jakarta(CGK)
Medan(KNO),Jakarta(CGK)
Medan(KNO),Jakarta(CGK)
Medan(KNO),Jakarta(CGK)
Medan(KNO),Jakarta(CGK)
Medan(KNO),Jakarta(CGK)
Medan(KNO),Jakarta(CGK)
Medan(KNO),Jakarta(CGK)
Medan(KNO),Jakarta(CGK)
Medan(KNO),Jakarta(CGK)
Medan(KNO),Jakarta(CGK)
Medan(KNO),Jakarta(CGK)
Medan(KNO),Jakarta(CGK)
Medan(KNO),Jakarta(CGK)
Medan(KNO),Jakarta(CGK)
Medan(KNO),Jakarta(CGK)
Medan(KNO),Jakarta(HLP)
Medan(KNO),Jakarta(HLP)
Medan(KNO),Jakarta(HLP)
Medan(KNO),Jakarta(HLP)
Medan(KNO),Jakarta(CGK)
Medan(KNO),Jakarta(CGK)
Medan(KNO),Jakarta(CGK)
Medan(KNO),Jakarta(CGK)
Medan(KNO),Jakarta(CGK)
Medan(KNO),Jakarta(CGK)
Medan(KNO),Jakarta(CGK)
Medan(KNO),Jakarta(CGK)
Medan(KNO),Jambi(DJB)
Medan(KNO),Lhokseumawe(LSW)
Medan(KNO),Majalengka(KJT)
Medan(KNO),Meulaboh(MEQ)
Medan(KNO),Padang(PDG)
Medan(KNO),Padang(PDG)
Medan(KNO),Padang(PDG)
Medan(KNO),Palembang(PLM)
Medan(KNO),Palembang(PLM)
Medan(KNO),Pekanbaru(PKU)
Medan(KNO),Pekanbaru(PKU)
Medan(KNO),Pekanbaru(PKU)
Medan(KNO),Pekanbaru(PKU)
Medan(KNO),Sibolga(FLZ)
Medan(KNO),Sibolga(FLZ)
Medan(KNO),Silangit(DTB)
Medan(KNO),Takengon(TXE)
Medan(KNO),Yogyakarta(JOG)
Merauke(MKQ),Jayapura(DJJ)
Merauke(MKQ),Jayapura(DJJ)
Merauke(MKQ),Makassar(UPG)
Meulaboh(MEQ),Medan(KNO)
MIsland(OTI),Ternate(TTE)
Morowali(MOH),Makassar(UPG)
Morowali(MOH),Palu(PLW)
Muna(RAQ),Makassar(UPG)
Nabire(NBX),Biak(BIK)
Nabire(NBX),Jayapura(DJJ)
Nabire(NBX),Jayapura(DJJ)
Nabire(NBX),Jayapura(DJJ)
Naha(NAH),Manado(MDC)
Namlea(NAM),Ambon(AMQ)
Natuna(NTX),Batam(BTH)
Natuna(NTX),Batam(BTH)
Nunukan(NNX),Tarakan(TRK)
Padang(PDG),Batam(BTH)
Padang(PDG),Batam(BTH)
Padang(PDG),Batam(BTH)
Padang(PDG),Bengkulu(BKS)
Padang(PDG),GSitoli(GNS)
Padang(PDG),Jakarta(HLP)
Padang(PDG),Jakarta(CGK)
Padang(PDG),Jakarta(CGK)
Padang(PDG),Jakarta(CGK)
Padang(PDG),Jakarta(CGK)
Padang(PDG),Jakarta(CGK)
Padang(PDG),Jakarta(CGK)
Padang(PDG),Jakarta(CGK)
Padang(PDG),Jakarta(HLP)
Padang(PDG),Jakarta(HLP)
Padang(PDG),Jakarta(CGK)
Padang(PDG),Jakarta(CGK)
Padang(PDG),Jakarta(CGK)
Padang(PDG),Jakarta(CGK)
Padang(PDG),Jakarta(CGK)
Padang(PDG),Jakarta(CGK)
Padang(PDG),Jambi(DJB)
Padang(PDG),Medan(KNO)
Padang(PDG),Medan(KNO)
Padang(PDG),Medan(KNO)
Padang(PDG),Palembang(PLM)
Padang(PDG),Pekanbaru(PKU)
Padang(PDG),Yogyakarta(JOG)
PagarAlam(PXA),Palembang(PLM)
Palangkaraya(PKY),Balikpapan(BPN)
Palangkaraya(PKY),Jakarta(CGK)
Palangkaraya(PKY),Jakarta(CGK)
Palangkaraya(PKY),Jakarta(CGK)
Palangkaraya(PKY),PBun(PKN)
Palangkaraya(PKY),Sampit(SMQ)
Palangkaraya(PKY),Surabaya(SUB)
Palangkaraya(PKY),Surabaya(SUB)
Palangkaraya(PKY),Surabaya(SUB)
Palembang(PLM),Bali(DPS)
Palembang(PLM),Bandung(BDO)
Palembang(PLM),Bandung(BDO)
Palembang(PLM),Batam(BTH)
Palembang(PLM),Batam(BTH)
Palembang(PLM),Bengkulu(BKS)
Palembang(PLM),Jakarta(CGK)
Palembang(PLM),Jakarta(HLP)
Palembang(PLM),Jakarta(CGK)
Palembang(PLM),Jakarta(CGK)
Palembang(PLM),Jakarta(CGK)
Palembang(PLM),Jakarta(CGK)
Palembang(PLM),Jakarta(CGK)
Palembang(PLM),Jakarta(CGK)
Palembang(PLM),Jakarta(CGK)
Palembang(PLM),Jakarta(CGK)
Palembang(PLM),Jakarta(CGK)
Palembang(PLM),Jakarta(CGK)
Palembang(PLM),Jakarta(CGK)
Palembang(PLM),Jakarta(HLP)
Palembang(PLM),Jakarta(HLP)
Palembang(PLM),Jakarta(HLP)
Palembang(PLM),Jakarta(CGK)
Palembang(PLM),Jakarta(CGK)
Palembang(PLM),Jakarta(CGK)
Palembang(PLM),Jakarta(CGK)
Palembang(PLM),Jakarta(CGK)
Palembang(PLM),Jakarta(CGK)
Palembang(PLM),Jakarta(CGK)
Palembang(PLM),Jambi(DJB)
Palembang(PLM),BLampung(TKG)
Palembang(PLM),Medan(KNO)
Palembang(PLM),Medan(KNO)
Palembang(PLM),PagarAlam(PXA)
Palembang(PLM),Padang(PDG)
Palembang(PLM),Bangka(PGK)
Palembang(PLM),Bangka(PGK)
Palembang(PLM),Bangka(PGK)
Palembang(PLM),Bangka(PGK)
Palembang(PLM),Pekanbaru(PKU)
Palembang(PLM),Semarang(SRG)
Palembang(PLM),Surabaya(SUB)
Palembang(PLM),Surabaya(SUB)
Palembang(PLM),Yogyakarta(JOG)
Palembang(PLM),Yogyakarta(JOG)
Palembang(PLM),Yogyakarta(JOG)
Palopo(LLO),Makassar(UPG)
Palu(PLW),Balikpapan(BPN)
Palu(PLW),Balikpapan(BPN)
Palu(PLW),Buol(UOL)
Palu(PLW),Gorontalo(GTO)
Palu(PLW),Jakarta(CGK)
Palu(PLW),Jakarta(CGK)
Palu(PLW),Jakarta(CGK)
Palu(PLW),Luwuk(LUW)
Palu(PLW),Makassar(UPG)
Palu(PLW),Makassar(UPG)
Palu(PLW),Makassar(UPG)
Palu(PLW),Makassar(UPG)
Palu(PLW),Makassar(UPG)
Palu(PLW),Makassar(UPG)
Palu(PLW),Makassar(UPG)
Palu(PLW),Morowali(MOH)
Palu(PLW),Surabaya(SUB)
Palu(PLW),Tolitoli(TLI)
PBun(PKN),Jakarta(CGK)
PBun(PKN),Jakarta(CGK)
PBun(PKN),Palangkaraya(PKY)
PBun(PKN),Sampit(SMQ)
PBun(PKN),Semarang(SRG)
PBun(PKN),Semarang(SRG)
PBun(PKN),Semarang(SRG)
PBun(PKN),Semarang(SRG)
PBun(PKN),Surabaya(SUB)
PBun(PKN),Surabaya(SUB)
PBun(PKN),Surabaya(SUB)
Bangka(PGK),Bandung(BDO)
Bangka(PGK),Batam(BTH)
Bangka(PGK),Belitung(TJQ)
Bangka(PGK),Belitung(TJQ)
Bangka(PGK),Belitung(TJQ)
Bangka(PGK),Jakarta(CGK)
Bangka(PGK),Jakarta(CGK)
Bangka(PGK),Jakarta(CGK)
Bangka(PGK),Jakarta(CGK)
Bangka(PGK),Jakarta(CGK)
Bangka(PGK),Jakarta(CGK)
Bangka(PGK),Jakarta(CGK)
Bangka(PGK),Jakarta(CGK)
Bangka(PGK),Palembang(PLM)
Bangka(PGK),Palembang(PLM)
Bangka(PGK),Palembang(PLM)
Bangka(PGK),Palembang(PLM)
Pekanbaru(PKU),Bandung(BDO)
Pekanbaru(PKU),Bandung(BDO)
Pekanbaru(PKU),Batam(BTH)
Pekanbaru(PKU),Batam(BTH)
Pekanbaru(PKU),Batam(BTH)
Pekanbaru(PKU),Bintan(TNJ)
Pekanbaru(PKU),Dumai(DUM)
Pekanbaru(PKU),Jambi(DJB)
Pekanbaru(PKU),Medan(KNO)
Pekanbaru(PKU),Medan(KNO)
Pekanbaru(PKU),Medan(KNO)
Pekanbaru(PKU),Medan(KNO)
Pekanbaru(PKU),Padang(PDG)
Pekanbaru(PKU),Palembang(PLM)
Pekanbaru(PKU),Surabaya(SUB)
Pekanbaru(PKU),Yogyakarta(JOG)
Pekanbaru(PKU),Yogyakarta(JOG)
Pomala(PUM),Makassar(UPG)
Pomala(PUM),Makassar(UPG)
Pontianak(PNK),Balikpapan(BPN)
Pontianak(PNK),Bandung(BDO)
Pontianak(PNK),Batam(BTH)
Pontianak(PNK),Batam(BTH)
Pontianak(PNK),Batam(BTH)
Pontianak(PNK),Jakarta(CGK)
Pontianak(PNK),Jakarta(CGK)
Pontianak(PNK),Jakarta(CGK)
Pontianak(PNK),Jakarta(CGK)
Pontianak(PNK),Jakarta(CGK)
Pontianak(PNK),Jakarta(CGK)
Pontianak(PNK),Jakarta(CGK)
Pontianak(PNK),Jakarta(CGK)
Pontianak(PNK),Jakarta(CGK)
Pontianak(PNK),Jakarta(CGK)
Pontianak(PNK),Jakarta(CGK)
Pontianak(PNK),Jakarta(CGK)
Pontianak(PNK),Jakarta(CGK)
Pontianak(PNK),Ketapang(KTG)
Pontianak(PNK),Ketapang(KTG)
Pontianak(PNK),Ketapang(KTG)
Pontianak(PNK),Ketapang(KTG)
Pontianak(PNK),Ketapang(KTG)
Pontianak(PNK),Ketapang(KTG)
Pontianak(PNK),Kuching(KCH)
Pontianak(PNK),Kuching(KCH)
Pontianak(PNK),Makassar(UPG)
Pontianak(PNK),Putussibau(PSU)
Pontianak(PNK),Putussibau(PSU)
Pontianak(PNK),Semarang(SRG)
Pontianak(PNK),Sintang(SQG)
Pontianak(PNK),Sintang(SQG)
Pontianak(PNK),Sintang(SQG)
Pontianak(PNK),Surabaya(SUB)
Pontianak(PNK),Surabaya(SUB)
Pontianak(PNK),Surabaya(SUB)
Pontianak(PNK),Surabaya(SUB)
Pontianak(PNK),Yogyakarta(JOG)
Pontianak(PNK),Yogyakarta(JOG)
Pontianak(PNK),Yogyakarta(JOG)
Pontianak(PNK),Yogyakarta(JOG)
Poso(PSJ),Makassar(UPG)
PulauAru(DOB),Langgur(LUV)
Putussibau(PSU),Pontianak(PNK)
Putussibau(PSU),Pontianak(PNK)
Rote(RTI),Kupang(KOE)
Ruteng(RTG),Kupang(KOE)
Samarinda(SRI),Berau(BEJ)
Samarinda(SRI),Berau(BEJ)
Samarinda(SRI),Jakarta(CGK)
Samarinda(SRI),Jakarta(CGK)
Samarinda(SRI),Jakarta(HLP)
Samarinda(SRI),Jakarta(CGK)
Samarinda(SRI),Jakarta(CGK)
Samarinda(SRI),Makassar(UPG)
Samarinda(SRI),Surabaya(SUB)
Samarinda(SRI),Surabaya(SUB)
Samarinda(SRI),Surabaya(SUB)
Sampit(SMQ),Banjarmasin(BDJ)
Sampit(SMQ),Jakarta(CGK)
Sampit(SMQ),Jakarta(CGK)
Sampit(SMQ),Palangkaraya(PKY)
Sampit(SMQ),PBun(PKN)
Sampit(SMQ),Semarang(SRG)
Sampit(SMQ),Surabaya(SUB)
Sampit(SMQ),Surabaya(SUB)
Sampit(SMQ),Surabaya(SUB)
Saumlaki(SXK),Ambon(AMQ)
Selayar(YKR),Makassar(UPG)
Selayar(YKR),Makassar(UPG)
TSelor(TJS),Balikpapan(BPN)
Semarang(SRG),Bali(DPS)
Semarang(SRG),Bali(DPS)
Semarang(SRG),Bali(DPS)
Semarang(SRG),Balikpapan(BPN)
Semarang(SRG),Bandung(BDO)
Semarang(SRG),Bandung(BDO)
Semarang(SRG),Bandung(BDO)
Semarang(SRG),Banjarmasin(BDJ)
Semarang(SRG),Banjarmasin(BDJ)
Semarang(SRG),Batam(BTH)
Semarang(SRG),Jakarta(CGK)
Semarang(SRG),Jakarta(CGK)
Semarang(SRG),Jakarta(CGK)
Semarang(SRG),Jakarta(HLP)
Semarang(SRG),Jakarta(HLP)
Semarang(SRG),Jakarta(HLP)
Semarang(SRG),Jakarta(CGK)
Semarang(SRG),Jakarta(CGK)
Semarang(SRG),Jakarta(CGK)
Semarang(SRG),Jakarta(CGK)
Semarang(SRG),Jakarta(CGK)
Semarang(SRG),Jakarta(CGK)
Semarang(SRG),Jakarta(HLP)
Semarang(SRG),Jakarta(HLP)
Semarang(SRG),Jakarta(CGK)
Semarang(SRG),Jakarta(CGK)
Semarang(SRG),Jakarta(CGK)
Semarang(SRG),Jakarta(CGK)
Semarang(SRG),Jakarta(CGK)
Semarang(SRG),Jakarta(CGK)
Semarang(SRG),Jakarta(CGK)
Semarang(SRG),Jakarta(CGK)
Semarang(SRG),Jakarta(CGK)
Semarang(SRG),Jakarta(CGK)
Semarang(SRG),Jakarta(CGK)
Semarang(SRG),Karimunjawa(KWB)
Semarang(SRG),Ketapang(KTG)
Semarang(SRG),Makassar(UPG)
Semarang(SRG),Palembang(PLM)
Semarang(SRG),PBun(PKN)
Semarang(SRG),PBun(PKN)
Semarang(SRG),PBun(PKN)
Semarang(SRG),PBun(PKN)
Semarang(SRG),Pontianak(PNK)
Semarang(SRG),Sampit(SMQ)
Semarang(SRG),Surabaya(SUB)
Semarang(SRG),Surabaya(SUB)
Semarang(SRG),Surabaya(SUB)
Semarang(SRG),Surabaya(SUB)
Semarang(SRG),Surabaya(SUB)
Semarang(SRG),Surabaya(SUB)
Semarang(SRG),Surabaya(SUB)
Semarang(SRG),Surabaya(SUB)
Semarang(SRG),Surabaya(SUB)
Semarang(SRG),Surabaya(SUB)
Sibolga(FLZ),Jakarta(CGK)
Sibolga(FLZ),Jakarta(CGK)
Sibolga(FLZ),Medan(KNO)
Sibolga(FLZ),Medan(KNO)
Silangit(DTB),Jakarta(CGK)
Silangit(DTB),Jakarta(CGK)
Silangit(DTB),Jakarta(HLP)
Silangit(DTB),Jakarta(CGK)
Silangit(DTB),Jakarta(CGK)
Silangit(DTB),Jakarta(CGK)
Silangit(DTB),Medan(KNO)
Sintang(SQG),Pontianak(PNK)
Sintang(SQG),Pontianak(PNK)
Sintang(SQG),Pontianak(PNK)
Solo(SOC),Bali(DPS)
Solo(SOC),Bali(DPS)
Solo(SOC),Bandung(BDO)
Solo(SOC),Jakarta(CGK)
Solo(SOC),Jakarta(CGK)
Solo(SOC),Jakarta(CGK)
Solo(SOC),Jakarta(CGK)
Solo(SOC),Jakarta(HLP)
Solo(SOC),Jakarta(HLP)
Solo(SOC),Jakarta(HLP)
Solo(SOC),Jakarta(CGK)
Solo(SOC),Jakarta(CGK)
Solo(SOC),Jakarta(HLP)
Solo(SOC),Jakarta(CGK)
Solo(SOC),Jakarta(CGK)
Solo(SOC),Jakarta(CGK)
Solo(SOC),Jakarta(CGK)
Solo(SOC),Jakarta(CGK)
Solo(SOC),Jakarta(CGK)
Solo(SOC),Surabaya(SUB)
Sorong(SOQ),Ambon(AMQ)
Sorong(SOQ),FakFak(FKQ)
Sorong(SOQ),FakFak(FKQ)
Sorong(SOQ),Jakarta(CGK)
Sorong(SOQ),Jakarta(CGK)
Sorong(SOQ),Jayapura(DJJ)
Sorong(SOQ),Jayapura(DJJ)
Sorong(SOQ),Kaimana(KNG)
Sorong(SOQ),Makassar(UPG)
Sorong(SOQ),Makassar(UPG)
Sorong(SOQ),Makassar(UPG)
Sorong(SOQ),Makassar(UPG)
Sorong(SOQ),Makassar(UPG)
Sorong(SOQ),Manado(MDC)
Sorong(SOQ),Manado(MDC)
Sorong(SOQ),Manokwari(MKW)
Sorong(SOQ),Manokwari(MKW)
Sorong(SOQ),Manokwari(MKW)
Sorong(SOQ),Manokwari(MKW)
Sorong(SOQ),Surabaya(SUB)
Sorong(SOQ),Timika(TIM)
SBesar(SWQ),Lombok(LOP)
SBesar(SWQ),Lombok(LOP)
SBesar(SWQ),Lombok(LOP)
Sumenep(SUP),Surabaya(SUB)
Surabaya(SUB),Ambon(AMQ)
Surabaya(SUB),Bali(DPS)
Surabaya(SUB),Bali(DPS)
Surabaya(SUB),Bali(DPS)
Surabaya(SUB),Bali(DPS)
Surabaya(SUB),Bali(DPS)
Surabaya(SUB),Bali(DPS)
Surabaya(SUB),Bali(DPS)
Surabaya(SUB),Bali(DPS)
Surabaya(SUB),Bali(DPS)
Surabaya(SUB),Bali(DPS)
Surabaya(SUB),Bali(DPS)
Surabaya(SUB),Balikpapan(BPN)
Surabaya(SUB),Balikpapan(BPN)
Surabaya(SUB),Balikpapan(BPN)
Surabaya(SUB),Balikpapan(BPN)
Surabaya(SUB),Balikpapan(BPN)
Surabaya(SUB),Balikpapan(BPN)
Surabaya(SUB),Balikpapan(BPN)
Surabaya(SUB),Balikpapan(BPN)
Surabaya(SUB),Balikpapan(BPN)
Surabaya(SUB),Banjarmasin(BDJ)
Surabaya(SUB),Banjarmasin(BDJ)
Surabaya(SUB),Banjarmasin(BDJ)
Surabaya(SUB),Banjarmasin(BDJ)
Surabaya(SUB),Banjarmasin(BDJ)
Surabaya(SUB),Banjarmasin(BDJ)
Surabaya(SUB),Banjarmasin(BDJ)
Surabaya(SUB),Banjarmasin(BDJ)
Surabaya(SUB),Banyuwangi(BWX)
Surabaya(SUB),Banyuwangi(BWX)
Surabaya(SUB),Batam(BTH)
Surabaya(SUB),Batam(BTH)
Surabaya(SUB),Batam(BTH)
Surabaya(SUB),Batulicin(BTW)
Surabaya(SUB),Bandung(BDO)
Surabaya(SUB),Bandung(BDO)
Surabaya(SUB),Bandung(BDO)
Surabaya(SUB),Bandung(BDO)
Surabaya(SUB),Bandung(BDO)
Surabaya(SUB),Bandung(BDO)
Surabaya(SUB),Jember(JBB)
Surabaya(SUB),Jakarta(CGK)
Surabaya(SUB),Jakarta(CGK)
Surabaya(SUB),Jakarta(CGK)
Surabaya(SUB),Jakarta(CGK)
Surabaya(SUB),Jakarta(CGK)
Surabaya(SUB),Jakarta(CGK)
Surabaya(SUB),Jakarta(CGK)
Surabaya(SUB),Jakarta(CGK)
Surabaya(SUB),Jakarta(CGK)
Surabaya(SUB),Jakarta(CGK)
Surabaya(SUB),Jakarta(CGK)
Surabaya(SUB),Jakarta(CGK)
Surabaya(SUB),Jakarta(CGK)
Surabaya(SUB),Jakarta(CGK)
Surabaya(SUB),Jakarta(CGK)
Surabaya(SUB),Jakarta(CGK)
Surabaya(SUB),Jakarta(CGK)
Surabaya(SUB),Jakarta(CGK)
Surabaya(SUB),Jakarta(CGK)
Surabaya(SUB),Jakarta(HLP)
Surabaya(SUB),Jakarta(HLP)
Surabaya(SUB),Jakarta(HLP)
Surabaya(SUB),Jakarta(HLP)
Surabaya(SUB),Jakarta(HLP)
Surabaya(SUB),Jakarta(CGK)
Surabaya(SUB),Jakarta(CGK)
Surabaya(SUB),Jakarta(CGK)
Surabaya(SUB),Jakarta(CGK)
Surabaya(SUB),Jakarta(CGK)
Surabaya(SUB),Jakarta(CGK)
Surabaya(SUB),Jakarta(CGK)
Surabaya(SUB),Jakarta(CGK)
Surabaya(SUB),Jakarta(CGK)
Surabaya(SUB),Jakarta(HLP)
Surabaya(SUB),Jakarta(CGK)
Surabaya(SUB),Jakarta(CGK)
Surabaya(SUB),Jakarta(HLP)
Surabaya(SUB),Jakarta(HLP)
Surabaya(SUB),Jakarta(HLP)
Surabaya(SUB),Jakarta(HLP)
Surabaya(SUB),Jakarta(CGK)
Surabaya(SUB),Jakarta(CGK)
Surabaya(SUB),Jakarta(CGK)
Surabaya(SUB),Jakarta(CGK)
Surabaya(SUB),Jakarta(CGK)
Surabaya(SUB),Jakarta(CGK)
Surabaya(SUB),Jakarta(CGK)
Surabaya(SUB),Jakarta(CGK)
Surabaya(SUB),Jakarta(CGK)
Surabaya(SUB),Jakarta(CGK)
Surabaya(SUB),Kupang(KOE)
Surabaya(SUB),Kupang(KOE)
Surabaya(SUB),Kupang(KOE)
Surabaya(SUB),Kupang(KOE)
Surabaya(SUB),Kupang(KOE)
Surabaya(SUB),Kupang(KOE)
Surabaya(SUB),LBajo(LBJ)
Surabaya(SUB),Lombok(LOP)
Surabaya(SUB),Lombok(LOP)
Surabaya(SUB),Lombok(LOP)
Surabaya(SUB),Lombok(LOP)
Surabaya(SUB),Lombok(LOP)
Surabaya(SUB),Lombok(LOP)
Surabaya(SUB),Lombok(LOP)
Surabaya(SUB),Majalengka(KJT)
Surabaya(SUB),Makassar(UPG)
Surabaya(SUB),Makassar(UPG)
Surabaya(SUB),Makassar(UPG)
Surabaya(SUB),Makassar(UPG)
Surabaya(SUB),Makassar(UPG)
Surabaya(SUB),Makassar(UPG)
Surabaya(SUB),Makassar(UPG)
Surabaya(SUB),Makassar(UPG)
Surabaya(SUB),Makassar(UPG)
Surabaya(SUB),Makassar(UPG)
Surabaya(SUB),Makassar(UPG)
Surabaya(SUB),Makassar(UPG)
Surabaya(SUB),Makassar(UPG)
Surabaya(SUB),Makassar(UPG)
Surabaya(SUB),Manado(MDC)
Surabaya(SUB),Manado(MDC)
Surabaya(SUB),Palangkaraya(PKY)
Surabaya(SUB),Palangkaraya(PKY)
Surabaya(SUB),Palangkaraya(PKY)
Surabaya(SUB),Palembang(PLM)
Surabaya(SUB),PBun(PKN)
Surabaya(SUB),PBun(PKN)
Surabaya(SUB),PBun(PKN)
Surabaya(SUB),Pekanbaru(PKU)
Surabaya(SUB),Pontianak(PNK)
Surabaya(SUB),Pontianak(PNK)
Surabaya(SUB),Pontianak(PNK)
Surabaya(SUB),Pontianak(PNK)
Surabaya(SUB),Samarinda(SRI)
Surabaya(SUB),Samarinda(SRI)
Surabaya(SUB),Samarinda(SRI)
Surabaya(SUB),Sampit(SMQ)
Surabaya(SUB),Sampit(SMQ)
Surabaya(SUB),Sampit(SMQ)
Surabaya(SUB),Semarang(SRG)
Surabaya(SUB),Semarang(SRG)
Surabaya(SUB),Semarang(SRG)
Surabaya(SUB),Semarang(SRG)
Surabaya(SUB),Semarang(SRG)
Surabaya(SUB),Semarang(SRG)
Surabaya(SUB),Semarang(SRG)
Surabaya(SUB),Semarang(SRG)
Surabaya(SUB),Semarang(SRG)
Surabaya(SUB),Semarang(SRG)
Surabaya(SUB),Solo(SOC)
Surabaya(SUB),Sorong(SOQ)
Surabaya(SUB),Sumenep(SUP)
Surabaya(SUB),Tarakan(TRK)
Surabaya(SUB),Yogyakarta(JOG)
Surabaya(SUB),Yogyakarta(JOG)
Surabaya(SUB),Yogyakarta(JOG)
Surabaya(SUB),Yogyakarta(JOG)
Surabaya(SUB),Kendari(KDI)
Takengon(TXE),Medan(KNO)
Talaud(MNA),Manado(MDC)
Tanahmerah(TMH),Jayapura(DJJ)
Tanahmerah(TMH),Merauke(MKQ)
Tarakan(TRK),Balikpapan(BPN)
Tarakan(TRK),Balikpapan(BPN)
Tarakan(TRK),Balikpapan(BPN)
Tarakan(TRK),Balikpapan(BPN)
Tarakan(TRK),Jakarta(CGK)
Tarakan(TRK),Makassar(UPG)
Tarakan(TRK),Nunukan(NNX)
Tarakan(TRK),Nunukan(NNX)
Tarakan(TRK),Surabaya(SUB)
Tasikmalaya(TSY),Jakarta(HLP)
Ternate(TTE),Ambon(AMQ)
Ternate(TTE),Jakarta(CGK)
Ternate(TTE),Labuha(LAH)
Ternate(TTE),Makassar(UPG)
Ternate(TTE),Makassar(UPG)
Ternate(TTE),Makassar(UPG)
Ternate(TTE),Manado(MDC)
Ternate(TTE),Manado(MDC)
Ternate(TTE),Manado(MDC)
Ternate(TTE),Manado(MDC)
Ternate(TTE),Manado(MDC)
Ternate(TTE),MIsland(OTI)
Timika(TIM),Bali(DPS)
Timika(TIM),Jayapura(DJJ)
Timika(TIM),Jayapura(DJJ)
Timika(TIM),Jayapura(DJJ)
Timika(TIM),Makassar(UPG)
Timika(TIM),Makassar(UPG)
Timika(TIM),Sorong(SOQ)
Tobelo(KAZ),Manado(MDC)
Tolitoli(TLI),Palu(PLW)
Waikabubak(TMC),Bali(DPS)
Waikabubak(TMC),Bali(DPS)
Waikabubak(TMC),Bali(DPS)
Waikabubak(TMC),Ende(ENE)
Waikabubak(TMC),Kupang(KOE)
Waikabubak(TMC),Kupang(KOE)
Waingapu(WGP),Bali(DPS)
Waingapu(WGP),Kupang(KOE)
Waingapu(WGP),Kupang(KOE)
Wamena(WMX),Jayapura(DJJ)
Wamena(WMX),Jayapura(DJJ)
Wamena(WMX),Jayapura(DJJ)
Wamena(WMX),Jayapura(DJJ)
Wamena(WMX),Jayapura(DJJ)
Wamena(WMX),Jayapura(DJJ)
Wamena(WMX),Jayapura(DJJ)
Wamena(WMX),Jayapura(DJJ)
Wamena(WMX),Yahukimo(DEX)
Yahukimo(DEX),Jayapura(DJJ)
Yahukimo(DEX),Jayapura(DJJ)
Yahukimo(DEX),Jayapura(DJJ)
Yahukimo(DEX),Wamena(WMX)
Yogyakarta(JOG),Bali(DPS)
Yogyakarta(JOG),Bali(DPS)
Yogyakarta(JOG),Bali(DPS)
Yogyakarta(JOG),Bali(DPS)
Yogyakarta(JOG),Bali(DPS)
Yogyakarta(JOG),Balikpapan(BPN)
Yogyakarta(JOG),Balikpapan(BPN)
Yogyakarta(JOG),Balikpapan(BPN)
Yogyakarta(JOG),Balikpapan(BPN)
Yogyakarta(JOG),Balikpapan(BPN)
Yogyakarta(JOG),Balikpapan(BPN)
Yogyakarta(JOG),Bandung(BDO)
Yogyakarta(JOG),Banjarmasin(BDJ)
Yogyakarta(JOG),Batam(BTH)
Yogyakarta(JOG),Jakarta(CGK)
Yogyakarta(JOG),Jakarta(CGK)
Yogyakarta(JOG),Jakarta(CGK)
Yogyakarta(JOG),Jakarta(CGK)
Yogyakarta(JOG),Jakarta(CGK)
Yogyakarta(JOG),Jakarta(CGK)
Yogyakarta(JOG),Jakarta(CGK)
Yogyakarta(JOG),Jakarta(CGK)
Yogyakarta(JOG),Jakarta(CGK)
Yogyakarta(JOG),Jakarta(CGK)
Yogyakarta(JOG),Jakarta(CGK)
Yogyakarta(JOG),Jakarta(CGK)
Yogyakarta(JOG),Jakarta(CGK)
Yogyakarta(JOG),Jakarta(CGK)
Yogyakarta(JOG),Jakarta(HLP)
Yogyakarta(JOG),Jakarta(HLP)
Yogyakarta(JOG),Jakarta(HLP)
Yogyakarta(JOG),Jakarta(HLP)
Yogyakarta(JOG),Jakarta(CGK)
Yogyakarta(JOG),Jakarta(HLP)
Yogyakarta(JOG),Jakarta(HLP)
Yogyakarta(JOG),Jakarta(HLP)
Yogyakarta(JOG),Jakarta(HLP)
Yogyakarta(JOG),Jakarta(CGK)
Yogyakarta(JOG),Jakarta(CGK)
Yogyakarta(JOG),Jakarta(HLP)
Yogyakarta(JOG),Jakarta(CGK)
Yogyakarta(JOG),Jakarta(CGK)
Yogyakarta(JOG),Jakarta(CGK)
Yogyakarta(JOG),Jakarta(CGK)
Yogyakarta(JOG),Jakarta(CGK)
Yogyakarta(JOG),Jakarta(CGK)
Yogyakarta(JOG),Jakarta(CGK)
Yogyakarta(JOG),BLampung(TKG)
Yogyakarta(JOG),Lombok(LOP)
Yogyakarta(JOG),Makassar(UPG)
Yogyakarta(JOG),Makassar(UPG)
Yogyakarta(JOG),Makassar(UPG)
Yogyakarta(JOG),Makassar(UPG)
Yogyakarta(JOG),Makassar(UPG)
Yogyakarta(JOG),Medan(KNO)
Yogyakarta(JOG),Medan(KNO)
Yogyakarta(JOG),Padang(PDG)
Yogyakarta(JOG),Palembang(PLM)
Yogyakarta(JOG),Palembang(PLM)
Yogyakarta(JOG),Palembang(PLM)
Yogyakarta(JOG),Pekanbaru(PKU)
Yogyakarta(JOG),Pekanbaru(PKU)
Yogyakarta(JOG),Pontianak(PNK)
Yogyakarta(JOG),Pontianak(PNK)
Yogyakarta(JOG),Pontianak(PNK)
Yogyakarta(JOG),Pontianak(PNK)
Yogyakarta(JOG),Surabaya(SUB)
Yogyakarta(JOG),Surabaya(SUB)
Yogyakarta(JOG),Surabaya(SUB)
Yogyakarta(JOG),Surabaya(SUB)
